,Close,Open,Fluctuation Rate
NASDAQ,15775.650390625,15910.4296875,-0.8471128657253619
S&P500,5005.56982421875,5031.1298828125,-0.5080381383328834
KOSPI,2646.22998046875,2635.6298828125,0.40218460586501464
KOSDAQ,862.8800048828125,863.6900024414062,-0.09378336628930715
