,Close,Open,Fluctuation Rate
NASDAQ,15906.169921875,15865.2998046875,0.257606964196319
S&P500,5029.72998046875,5003.14013671875,0.5314631016399759
KOSPI,2648.760009765625,2643.81005859375,0.18722794233213155
KOSDAQ,857.5999755859375,860.1300048828125,-0.2941449876777291
